Reaction,Min,Max
2AGPEAT160,3.510702785898788e-08,0.1070823810906233
2AGPEAT180,3.51070278597853e-08,0.1215822051268484
AACPS10,1.296893850666071e-07,0.0005946396323561
AACPS11,5.00465427044177e-05,0.3317028547914937
AACPS3,6.268413072980281e-05,0.0901492195433356
ABTA,5.310618505186506e-07,0.2018923401164144
ACACT1r,7.499918871455324e-14,2.823714735475304e-08
ACALDi,1.6778037287953955e-06,0.8100429265311275
ACBIPGT,-2.330733584203216e-14,3.921979883561677e-13
ACCC,9.943872676264673e-08,0.0004559371446075
ACChex,9.943872676297217e-08,0.0004559371447096
ACGAMPM,-0.4014909139828053,-5.413403924421052e-07
ACGAMT,1.5423890097402204e-09,7.072017754054435e-06
ACGK,6.273386332900552e-07,0.2660086225329924
ACHBS,0.0004099420115428,0.1582908088058696
ACKr,0.0002783767109814,0.3981810066871222
ACLS,0.010788548100963,0.8199253609881197
ACONT,0.3926715787864549,1.1948539814140773
ACOTA,-0.2660086225329936,-6.273386332743467e-07
ACP1_FMN,7.021405571951846e-08,0.1904076992911621
ACS,1.875634231784076e-08,0.0923699328912921
ACS2,0.0,0.0
ACYSBMNt,-9.68581322700201e-14,2.7261082539384133e-14
ADA,4.147324997527951e-08,0.0956783357556469
ADCL,1.1718710637150585e-08,0.0308039046716766
ADCPS1,0.0,0.0
ADCS,1.1718710637090396e-08,0.0308039046716766
ADCYRS,-2.306774093668683e-14,4.009865953537171e-13
ADK1,-973.7049933614256,-0.368298888924869
ADK2,0.9548896941884276,974.1623056144564
ADNCYC,3.5107027859716065e-08,0.1059764706086306
ADNK1,2.9638664733219915e-06,0.2355231773963702
ADNK3,3.9688017403970493e-08,0.1818386111789381
ADNK4,7.021405571982657e-08,0.2229882837234112
ADOCBIK,-2.330733584203216e-14,3.921979883561678e-13
ADOCBLS,-2.330733584203216e-14,3.921979883561676e-13
ADPT,2.289890245128324e-07,0.0769768078839413
ADSK,1.2815098145228606e-07,0.2115461626256273
ADSL1r,1.5100916473877158e-06,0.1814513974007496
ADSL2r,9.055245154595516e-07,0.0136795465761744
ADSS,1.5100916469695763e-06,0.1814513974006595
AFTA,1.5423890097402796e-09,7.072017754050507e-06
AGDC,5.413403873605966e-07,0.4014909139827934
AGPAT160,6.266721106201722e-05,0.0725382803488616
AGPAT160190,7.813434667536609e-08,0.0003582542947332
AGPAT190,2.5777519195618232e-08,0.0001181926688114
AGPR,-0.2660086225329933,-6.273386332894141e-07
AHC,3.484315482535381e-06,0.1162087820428479
AHMMPS,1.6879770284399572e-09,7.739554313610398e-06
AICART,2.086571846511324e-06,0.0318240988174307
AIRCr,9.055245154595248e-07,0.0136795465761752
AKGDb,9.437747064268283e-08,0.3031023388277514
ALAALAD,3.510702785977916e-08,0.1803419630284935
ALAALAr,1.230485210703925e-07,0.1805638033970308
ALAD_L,1.5067770153478195e-05,0.8059687478038747
ALAR,0.0001161687179876,0.3742815878015852
ALAt2r,-0.2746558494524611,-4.433215802885325e-08
ALDD1,-5.5760102983412055e-14,5.5401713735964926e-14
ALDD19x,2.7129199526585992e-08,0.0333381652525959
ALDD2x,3.873726000638888e-06,0.2007740606198699
AMID4,-9.386743892063141e-14,4.25166478791168e-14
AMMQT8,6.672116856702085e-09,9.93572032516964e-05
AMMQT8_2,5.986576557467627e-12,7.829379156827973e-05
AMPTASECG,6.433296745496364e-08,0.2998698805073071
ANPRT,8.318624728195845e-05,0.029927228465733
ANS,8.318624728195845e-05,0.0299272284657329
APRAUR,7.40599896168295e-08,0.0003395729458835
ARACHTA,3.4832773793562353e-08,0.0080421218713439
ARB_Dabc,-1.158503009827905e-16,6.534016593229672e-16
ARBabc,1.4420046593918916e-06,0.2113617630774884
ARBt2r,-0.2113617630774884,-1.4420046593918916e-06
ARGDr,2.0804497920496563e-07,0.1137474958710243
ARGSL,1.5139892120916772e-05,0.1268614556390597
ARGSS,1.5139892120880757e-05,0.1268614556390694
ARGt5r,-0.0308196097441718,-4.8056327977204e-08
ASAD,-0.2148767268230067,-0.000410953233371
ASNN,2.1175667597964236e-08,0.0625447275406001
ASNS1,1.418803467247467e-07,0.0746973680060368
ASNt2r,-0.0551858047169551,-2.0061158776985845e-08
ASP1DC,0.0002321707041606,0.4088320428421715
ASPCT,6.823886647165572e-07,0.0292035806941606
ASPK,0.000410953233371,0.2148767268230144
ASPO5,6.405443624450226e-08,0.0548785913628454
ASPTA,-0.6103384235574546,-0.0064095071391531
ASPt2r,-0.1505619988604785,-5.401249425566942e-08
AST,2.3492672778320227e-08,0.0370206518132212
ATPPRT,1.1810473328401031e-06,0.0264723405873386
ATPS4r,0.6401523619028935,1.760171889300411
BALAt2r,-0.4079872828267639,-6.333382100046074e-06
BDH,-1.6899878154504762e-08,1.3554399342977735e-08
BMNMSHS,-9.686746441277139e-14,2.7247522628425664e-14
BMNt,-3.6006009889678366e-14,8.91235979144574e-14
BPNT,2.2829897871909776e-08,0.0664420572915093
BTS2,-0.0080060624892171,-1.4147369399293551e-08
BTS3r,-0.0080060624892171,-1.4147369390955458e-08
CAATPS,8.471753856130841e-07,0.8272318901830469
CAT,9.350858025316397e-08,0.0809793564386492
CAt4,-1.6544637803660935,-1.6943507712261682e-06
CBPS,1.0080204076784767e-06,0.0533084483480953
CDAPPA160,3.5107027859751984e-08,0.0910988198439366
CDAPPA160190,3.5107027859771386e-08,0.0999494008745437
CDAPPA190,3.510702786000349e-08,0.0866426310932513
CDPMEK,1.5660800713277576e-05,0.0871906620582302
CDPPT160,3.51070278599477e-08,0.0675485252739418
CDPPT160190,2.6131994371592183e-08,0.0001198179752172
CHLabc,1.7769671804553365e-07,0.1056899359198081
CHORM,2.665959686906041e-07,0.048098693612845
CHORS,0.0051990828087715,0.3317895209814133
CHRPL,5.0046542704495765e-05,0.3317028547914937
CIGAMS,2.7640623841681732e-08,0.0001267352018314
CITLr,3.630394573700445e-06,0.5648591287135726
CITabc,0.6292089495518124,0.9999893940821482
CLPNS160190,1.2362321762063816e-08,5.668256090416984e-05
CMCBTFL,4.269788555746408e-09,3.523588054590083e-05
CMCBTFU,4.269788553576504e-09,3.5235880545880315e-05
CO2t,-1.4173983354983746,-6.140726031354207e-05
COAt,-0.0109388775846116,-7.642976784516266e-09
COBALTt5,-3.9263441045026274e-13,2.3329631034397374e-14
COCHL,-2.3305441614989718e-14,3.920603051216813e-13
COt,0.2085700639214757,1.7062498034599882
CPPPGO,3.3759565630005612e-09,1.5479108278611943e-05
CS,1.883510895327249e-05,0.3146148628412281
CTPS1,7.589264163340066e-07,0.2175053529451384
CTPS2,3.5461267136574565e-08,0.1289032258221185
CYO1a,5.014192299342298e-05,0.7419699424027729
CYO1b,0.000166226130184,0.7797701204889577
CYRDAAT,-2.3305441614989718e-14,3.920603051216822e-13
CYRDAR,-1.1652720807494859e-14,1.9603015256084097e-13
CYSS,2.560998992825628e-09,0.0100989661670114
CYSTL,2.0755246627865658e-07,0.2403611883072849
CYSTS,3.257750068720877e-06,0.2403792517328455
CYTBD,0.4496715440891225,1.9451455487903848
CYTBD2,9.43461863390344e-05,1.1370047347568353
CYTD,5.2660541789999215e-08,0.1159786906445303
CYTDK2,7.021405571978542e-08,0.2157286105190187
CYTDt2r,-0.0282821779305134,-1.26980619005104e-08
CYTK1,-0.0535951785917701,0.2574674657155437
CYTK2,1.2366726874424263e-08,0.0849493881535475
Cuabc,1.7553513929996198e-08,0.1217333044965207
Cut1,1.7553513929996198e-08,0.1217333044965207
DADA,4.848113371144095e-08,0.1605376865114982
DADK,-1.527972019657285e-05,0.0967793329408351
DAGK160,1.2705400558752128e-07,0.1967511708353863
DALAOX,3.861730646299252e-05,0.2113084869550049
DALAt2r,-0.234444220370625,-1.3887288251999603e-06
DAPDC,1.8050367245342154e-07,0.079296425006611
DAPE,1.8464554608702418e-07,0.0793045630254119
DASYN160,6.272214892559775e-05,0.1682668717511695
DASYN160190,9.889778973622105e-08,0.100116928647309
DASYN190190,4.7365961028803236e-08,0.0866615413186422
DB4PS,1.4811997923377276e-07,0.0006791458917673
DCPDPP,1.0950961969156297e-07,0.0005021132605378
DCPDPS,7.148427845102394e-10,0.0002064055398905
DCPE,1.0950961969156301e-07,0.0005021132605378
DCPT,1.0950961969156063e-07,0.0005021132605382
DCTPD,-6.815021421068171e-15,1.0576885283153971e-14
DCTPD2,1.0532108357942017e-07,0.1871323428857731
DDPA,0.007187060548405,0.3317896083264373
DESAT16,3.7347801452916255e-06,0.0578640652588102
DESAT18,5.257889437682662e-06,0.1060271577515506
DHAD1,0.0107885481008848,0.8199253609881209
DHAD2,0.0004099420115428,0.1582908088058694
DHDPRy,1.846455460870242e-07,0.0793045630254119
DHDPS,1.846455460870242e-07,0.0793045630254118
DHFR,-639.083293008284,-0.0919913905553357
DHFS,1.6881312485456414e-09,7.739554666051622e-06
DHNAOT,2.4897661169541873e-08,0.0001141584261269
DHNPA,2.2938265413135469e-10,6.733814148370921e-06
DHNPA2,9.94548204548638e-11,7.299981615374123e-06
DHORTS,-0.0292035806941607,-6.823886647165571e-07
DHPPDA,9.231453820049717e-10,0.0002347721435725
DHPPDA2,1.1716470106780768e-08,0.0003018532998876
DHPS2,9.94548190936686e-11,7.299981615372913e-06
DHQD,0.0071870605484071,0.3317896083264372
DHQS,0.0071870605484071,0.3317896083264372
DMATT,3.764827799713116e-06,0.0214949175447168
DMPPS,1.6446797360869698e-08,0.0504061171672356
DNMPPA,1.6881312485455336e-09,7.739554666056074e-06
DNTPPA,1.6881312485456542e-09,7.739554666059273e-06
DPCOAK,4.899840749973022e-08,0.0110651098062839
DPPS,2.265634750534743e-11,0.0002406229284163
DPR,4.899840749972703e-08,0.0110651098062838
DRPA,5.658947762500472e-08,0.0320242499568687
DSERt2r,-2.908159664807251e-14,6.420359804519098e-14
DTMPK,7.418224890234988e-08,0.1487502374601208
DUTPDP,1.127748301963312e-07,0.0940581313879319
DXPRIi,1.5660800713284162e-05,0.087190662058232
DXPS,1.5662488690305152e-05,0.0871940604989785
ENO,2.2642528298137568,2.7902773025469223
ETHAt,-0.034333802215675,-8.271654506922444e-07
EX_acysbmn,-9.68581322700201e-14,2.7261082539384133e-14
EX_ala_B,6.333382107026411e-06,0.407987282826773
EX_ala_D,1.3887284395618787e-06,0.2344442203705892
EX_ala_L,4.4332158028853225e-08,0.2746558494524609
EX_arab_D,0.0,0.0
EX_arg_L,4.805632797723656e-08,0.030819609744179
EX_asn_L,2.0061158777139836e-08,0.0551858047169547
EX_asp_L,5.4012502626813925e-08,0.1505619988604386
EX_bmn,-3.6007238831162373e-14,8.912709638906298e-14
EX_cit,-0.9999893940806744,-0.6292089495518032
EX_co2,6.140726028722697e-05,1.4173983354983064
EX_coa,7.64297678461631e-09,0.0109388775846174
EX_cobalt2,-3.924930183531957e-13,2.3329599138326567e-14
EX_cytd,1.2698072043616369e-08,0.0282821779305094
EX_etha,8.271654511553395e-07,0.034333802215678
EX_fe3,-3.869777121940823e-05,-8.439887648331062e-09
EX_fum,2.1804308473008256e-06,0.3151079794728607
EX_gal,-5.067620042143318e-20,1.350757073110948e-18
EX_glc,-0.9999992856276898,-0.9130860713562268
EX_glu_L,-0.9999998511976314,-0.8117656154813794
EX_gly,1.6350608004922729e-07,0.3231351162259365
EX_glyc3p,-7.899196156638394e-29,3.705412411602477e-29
EX_glyc,-0.9999998694362976,-0.7015213919696524
EX_gthrd,7.35225927983454e-14,2.3113039349908986e-12
EX_h2,8.484922955287184e-06,1.093036385502997
EX_h2co3,0.000263413778116,2.385852406902024
EX_h2o,1.6152442063259156,3.74954145315326
EX_h2s,6.511965751451726e-08,0.135855121838309
EX_h,-0.5446640657873825,3.354823939948792
EX_hdca,-1.221726064690814e-13,1.2859001237860394e-13
EX_his_L,6.301707814552391e-09,0.0232241241396861
EX_id3acald,3.397820225458081e-07,0.0271534037665309
EX_ile_L,1.4296117168497843e-05,0.1356941604556647
EX_lac_L,5.0981807370913416e-05,1.0937246148330595
EX_lcts,-5.64832442491752e-15,4.5867504764669805e-15
EX_leu_L,7.95439777891676e-07,0.1870275597088235
EX_lys_L,1.4225125325753436e-08,0.0789697053525559
EX_mal_L,2.5495555541901986e-07,0.255809856877694
EX_malt,-1.9834243715378368e-16,1.2153393184449217e-15
EX_meoh,-5.3686716351847597e-14,6.007311044829482e-14
EX_met_L,-9.540400924460817e-13,4.2013629165553636e-14
EX_nh4,-0.3131437966350654,0.720857715786922
EX_no2,1.0790009763922877e-07,0.0285016183209424
EX_no3,-8.74523481897756e-14,1.0482159187948572e-13
EX_o2,-0.9999999132273512,-0.9218597688714902
EX_ocdca,-3.994133756682573e-14,2.574942353085641e-13
EX_orn,2.9864968803402326e-08,0.0782517094866984
EX_pac,2.71291995267375e-08,0.0333381652525963
EX_pdima,3.483277661811924e-08,0.0080421218713399
EX_phdca,5.424470268792744e-07,0.3317026699903806
EX_phe_L,1.4819507494494216e-08,0.0339815534846034
EX_pi,-0.0542035630396097,-2.888678537064033e-06
EX_ppa,-1.4412720075471849e-13,1.7603750174776e-13
EX_ppdima,4.4084505495548736e-08,0.0074074070105625
EX_pro_L,2.2363205467772216e-06,0.2618343365881883
EX_pyr,1.0180848772041905e-07,0.3561897704104558
EX_rib_D,-7.999696157426509e-15,2.365622904968468e-14
EX_ser_D,-3.887881455528302e-18,7.552371691335483e-18
EX_ser_L,6.163660817550461e-08,0.0906586113646902
EX_skm,3.926257768814751e-08,0.0619206232298373
EX_so4,-0.1404715969244098,-1.367029819806951e-06
EX_succ,1.580260821985247,3.784277927210162
EX_tartr_L,0.0,0.0
EX_thr_L,3.934012152668071e-07,0.1534220597129407
EX_tre,0.0,0.0
EX_trp_L,1.2521491936387445e-07,0.0208574586849646
EX_tsul,-1.6175020059590856e-13,9.899686135685321e-14
EX_ttdca,-1.0685520851471084e-14,9.324057290548985e-14
EX_tyr_L,1.7302749487738964e-08,0.0331763590058469
EX_val_L,8.57108724011623e-06,0.7988238755186657
EX_ac,1.8377849132644383e-05,0.734589919211058
EX_4abz,1.0030579388573175e-08,0.0308006725614507
EX_for,6.715898912125181e-08,0.9408865841116436
EX_akg,7.775403514316306e-08,0.0971938400923194
EX_ad,-4.2355571434312203e-14,9.390158432851933e-14
Adt,-7.974067174651024e-14,3.469035019311154e-14
EX_urea,-1.4597394078376038e-13,2.2533938295045446e-14
FACOAE140,1.755351392991955e-08,0.084456975922151
FACOAE160,1.755351392991343e-08,0.1223859219533089
FACOAE180,1.152400862220078e-06,0.0886575390287183
FACOAL140,4.027931064205741e-08,0.1024207559261962
FACOAL160,2.1861431485733824e-05,0.1297142185721675
FACOAL161,-0.0819450339360806,0.0276239239822875
FACOAL180,0.0002224290871994,0.1105571537027549
FACOAL181,-0.0821155321155919,0.0739791877016736
FACOAL200,3.483293794638193e-08,0.0080421218714428
FACOAL80,-0.067736073386271,0.0343616716763183
FACOALPHDCA,-0.3317027328451298,-2.528456168047407e-05
FACOALPREPH,-0.0071817310250384,0.0981511461185204
FAMPL1,3.415828546107027e-08,0.0001565937291927
FAMPL2,2.254508286691747e-08,0.0001033972490866
FAMPL3,1.7890486210985223e-08,8.205542806689316e-05
FAMPL4,4.6482667420762255e-09,2.131279769105401e-05
FAMPL5,2.0196605464558306e-08,9.257794057641636e-05
FAO1,3.6891814004978543e-09,0.0192827889524595
FAO10,1.1904655773044744e-08,0.0153559705074455
FAO11,3.4473525135796494e-07,0.0817974829615647
FAO2,7.872063713185063e-10,0.0074346239879489
FAO3,-1.3374116152035703e-17,5.885427928035005e-19
FAS100,0.0040911744086947,0.1041829537328554
FAS120,0.0040911744087069,0.1041829537328555
FAS140,0.0040911744086887,0.1041829537328556
FAS160,8.953693034779105e-07,0.0985336194089037
FAS161,1.6474015236844334e-07,0.0463640641791453
FAS180,0.0015427855173802,0.1064485124865689
FAS181,1.8454409509435448e-07,0.0606690708353163
FAS200,2.792827455506073e-07,0.0252344345756929
FAS240_L,3.219984980134915e-07,0.0014763973807397
FAS260,3.219984980134915e-07,0.0014763973807397
FAS80_L,2.70733065906607e-05,0.1009460997537116
FASPHDCA,5.004654270397326e-05,0.3317028547914937
FASm1601,2.481326231811923e-09,1.1377144840979762e-05
FASm180,3.318288541639682e-07,0.0015214706102985
FASm1801,2.481326231811923e-09,1.1377144840979762e-05
FASm2001,2.481326231811923e-09,1.1377144840979762e-05
FASm2002,1.552094877653818e-08,7.116520191347646e-05
FASm220,2.104786423450281e-07,0.0171778934426978
FASm2201,2.481326231811923e-09,1.1377144840979762e-05
FASm2202,1.552094877653818e-08,7.116520191347646e-05
FASm240,1.939364664388036e-07,0.0171264289571517
FASm2401,2.481326231811923e-09,1.1377144840979762e-05
FASm2402,1.552094877653818e-08,7.116520191347646e-05
FASm260,1.939364664388036e-07,0.0171264289571517
FASm2601,2.481326231811923e-09,1.1377144840979762e-05
FASm2602,4.962652463623846e-09,2.275428968195951e-05
FASm280,1.939364664388036e-07,0.0171264289571517
FASm2801,2.481326231811923e-09,1.1377144840979826e-05
FASm2802,4.962652463623846e-09,2.275428968195951e-05
FASm300,4.962652463623846e-09,2.275428968195951e-05
FASm320,4.962652463623846e-09,2.2754289681959524e-05
FASm340,4.962652463623846e-09,2.2754289681959653e-05
FBA,0.8115417594280292,0.9751391657089422
FBP,7.022358620467519e-08,0.216877321096805
FCLT,1.2017235427511429e-10,1.5147078621682536e-05
FCLT2,6.244355935373797e-13,1.2216064862775244e-05
FCOAH2,4.184634161359113e-07,0.1106807149151879
FDH,5.783131073730971e-07,0.2778614072046044
FE3Ri,3.375955309943779e-09,1.5479108452898716e-05
FETRANS,-1.2216064862775244e-05,-6.244355935373797e-13
FHL,8.484922931646488e-06,1.0930363855029972
FMNAT,2.721862958364836e-08,0.0001248003133469
FOLD3,2.2938264253404055e-10,6.733814148334215e-06
FOLR2,0.0919948501366695,639.0833243180423
FOMETR,-0.1671406924066088,-7.021405572007864e-08
FORMCOAL,-0.1790667971580888,0.0851192595583545
FRD,0.9838122221395328,751.0571508309253
FRD2,5.107493309328401e-07,0.8408799322009537
FRD3,4.322111121301151e-05,0.755287312456907
FTHFCL,7.021405572008004e-08,0.1671406924066088
FTHFD,1.1757949658342586e-05,0.2386640255355547
FUM,-1.7631808732084626,-0.2499776664554944
FUMt2r,-0.315107979472863,-2.1804308490557694e-06
G16MTM1,2.6131994371592176e-08,0.0001198179752172
G16MTM10,2.434906863529846e-09,1.1164307097356585e-05
G16MTM2,1.5079872702677595e-10,3.575012348951139e-05
G16MTM4,5.371986893021477e-09,2.463113160300617e-05
G16MTM5,2.55517522680639e-09,1.1715750342200091e-05
G16MTM6,2.243433391354777e-08,9.94106472750382e-05
G16MTM7,1.1385405056851661e-08,5.220329384517458e-05
G16MTM8,8.066420224674565e-09,3.698539517607726e-05
G16MTM9,5.106130511041492e-09,2.341215179861579e-05
G1PACT,0.0002989333814868,0.4027262651862269
G1PTT,1.542389009740344e-09,7.072017754054868e-06
G1SATi,4.05114486831441e-08,0.0001857493034408
G3PAT160,1.6919667791081857e-08,0.0346808913335025
G3PAT190,2.5777519195618785e-08,0.0001181926688114
G5SADs,2.6202211734645035e-06,0.4671855920696748
G5SD,5.050357746531234e-07,0.2405290744521638
G5SD2,1.8433434773032328e-06,0.3271093213788666
G6PDH2,1.0579263613874836e-05,0.2235108114835739
GALFT,1.542389009740271e-09,7.072017754047896e-06
GALKr,-1.0478638238489002e-14,2.7920018885078588e-14
GALT,-1.8778852232048315e-14,2.2076936940844783e-14
GALUi,3.877512451700206e-07,0.3252786892454279
GALt2,-1.3981401240341754e-15,3.6919927220366726e-16
GAPD,2.39273917385576,2.90480905765832
GARFT,9.072124924825926e-07,0.0136846989121382
GCCa,5.587904906916258e-07,0.2327763448274538
GCCb,5.58791153429638e-07,0.2327763448281404
GCCc,5.587904913699026e-07,0.2327763448274561
GF6PTAr,6.966323395812192e-07,0.003194133414116
GGLUCT2,6.433298406935906e-08,0.2998698805073078
GHMT2,4.041169894568558e-06,0.1177765264900514
GK1,1.1336162836837605e-06,0.1980401623296485
GLCabc,0.9130860713565486,0.99999928562769
GLGC,3.02550439487142e-07,0.2987232481434503
GLNS,0.0329642482732678,0.8038071438915769
GLU5K,2.348379251956695e-06,0.4458243552917896
GLUCYS,8.22313838759587e-05,0.3013177986749298
GLUDC,5.310618505186506e-07,0.2018923401164147
GLUDx,4.677101670384049e-06,0.4376973026155477
GLUPRT,9.072124924879264e-07,0.0136846989117701
GLUR,-0.0004032211052952,-8.794149321062122e-08
GLUSy,1.2762392310905872e-05,0.7513104801925985
GLUt2r,0.8117656154811657,0.9999998511976314
GLXO1,1.0886816731136205e-07,0.182315784403213
GLYC3Pabc,-5.051281534137123e-18,4.89193296029661e-14
GLYCK,7.010883489698625e-08,0.2069105422417088
GLYCL,3.166630814295396e-06,0.2361250831414954
GLYCTO1,6.24430050312185e-13,6.400345603923022e-06
GLYCTO2,5.6483542437407865e-11,8.383500296322009e-06
GLYCTO3,2.525434016065144e-13,7.076436544653833e-06
GLYCTO4,7.977468632195451e-12,1.0332409083991856e-05
GLYCt,-0.9999998694363,-0.7015213919694838
GLYK,0.6892910815052835,1.1803367953599382
GLYt2r,-0.3231351162257914,-1.6350608006061061e-07
GMPS2,6.78136924865827e-07,0.0340399439381539
GMT1,7.927162119828091e-09,3.634688194520646e-05
GND,1.0579263613775336e-05,0.2235108114835739
GPDDA2,6.262967889277952e-05,0.0724555206178718
GRTT,3.764827799713176e-06,0.0214949175447168
GSNK,8.776756964960507e-08,0.1938340650249764
GTHOr,-999.9747939034607,-0.4017225245060517
GTHRDt2,-2.406445477294987e-12,-6.820057637827825e-14
GTHS,6.433452244585448e-08,0.2998698805073598
GTMLT,6.433269185563675e-08,0.2998698805073074
GTPCI,1.6881312485456416e-09,7.739554666110376e-06
GTPCII,9.231453820049717e-10,0.0002347721435725
GTPCII2,1.1716470107078922e-08,0.0003018532998876
GTPDPK,7.763238337875894e-07,0.0694267540274955
GTPH1,3.5107027859793826e-08,0.0887844367490717
GUACYC,4.1612413793046497e-07,0.1342529126331809
GUAD,1.1702342609467538e-08,0.0326132910609708
GUAPRT,8.425101233881835e-07,0.0743256363092238
H2CO3D,0.0002634137785787,2.3858524069020244
H2CO3TP,-2.385852406902023,-0.0002634137785592
H2Ot,-3.749541453153293,-1.6152442063259145
H2St1,6.511965750545086e-08,0.1358551218382927
H2td,8.484922946938423e-06,1.0930363855029968
HCO3E,0.1476155370686221,2.716919269088095
HCYSMT,1.1017748196461697e-07,0.098558757999043
HDCAt2,-1.2433199088365484e-13,1.28257692032613e-13
HEX1,8.990393581367104e-08,0.2263572046223797
HISTD,1.1810473328404186e-06,0.0264723405873386
HISTP,1.1810473328403172e-06,0.0264723405873386
HISt2r,-0.0232241241396886,-6.301707812927637e-09
HMBS,5.063931085393236e-09,2.3218662930113176e-05
HMPK1,8.920603605709871e-07,0.0694701369461937
HMPK2,5.6619634870763696e-08,0.0607803520574399
HMPK3,1.1702342619922042e-08,0.053354438752139
HMPK4,1.4648219732958298e-07,0.1073207799614514
HPPK,2.2938264758397736e-10,6.733814148334279e-06
HPPK2,9.945481908900992e-11,7.299981615372855e-06
HSDy,-0.2046255186002801,-0.0004107685878249
HSERTA,1.3718734819672673e-07,0.0093904159167688
HSK,0.0004098128260914,0.1864818681059155
HSST,6.917009299430668e-07,0.099508108806856
HSTPT,1.1810473328403172e-06,0.0264723405873386
HXPRT,2.6189717322630162e-08,0.0777900311773703
ICDHy,0.1948738807143906,1.1093659156951965
ICHORSi,2.4897736168731012e-08,0.0001141654294088
ICL,0.0001766588800731,0.5822769928552375
ID3ACALDt,3.397818316652622e-07,0.0271534037662893
IG3PS,1.181047332840147e-06,0.0264723405873385
IGAMD,2.7640623840763667e-08,0.000126735201885
IGPDH,1.1810473328401031e-06,0.0264723405873387
IGPS,8.318624728195842e-05,0.0299272284657329
ILETA,-0.1360863854040401,-0.0002435386057292
ILEt2r,-0.1356941604551585,-1.4296117204483454e-05
IMPC,-0.0318240988174047,-2.0865718465113413e-06
IMPD,6.664345822563195e-07,0.0030556727879533
INDPYRD,3.3978183088655853e-07,0.0271534037662891
INSH,0.0001439611168914,0.158003083050405
INSK,1.601628847707698e-07,0.2374866562326048
IPDDI,-0.037922445823048,0.0119736685070354
IPDPS,6.684384998709642e-07,0.0519752232041999
IPMD,1.2273719997529126e-06,0.1880965497632436
IPPMIa,-0.1880965497632436,-1.2273719997529126e-06
IPPMIb,-0.1880965497632436,-1.2273719997529124e-06
IPPS,1.2273719997529126e-06,0.1880965497632435
KARA1i,0.0107885481008763,0.8199253609881184
KARA2i,0.0004099420115428,0.158290808805869
Kabc,3.510702785979994e-08,0.1784584358331939
Kt3r,-999.8236014136568,-0.2865047657307208
LACZ,-1.4409299158422366e-15,1.8170967825233788e-15
LCTSabc,-2.6509521230230844e-15,6.304320040101866e-15
LDH_L,-2.1104999760102388,-0.1416688519836272
LEUTA,-0.1880965497632735,-1.2273719997531292e-06
LEUt2r,-0.1870275597086798,-7.954397778865216e-07
LO,1.4194987480323261e-08,0.0627623835556168
LPLIPAL2E160,6.26296788927755e-05,0.0724555206178464
LYSt5r,-0.0789697053525584,-1.4225125325639476e-08
L_LACD,1.3321155769093253e-07,0.2429348905611949
L_LACD2,9.161156026442217e-08,0.6287689565012959
L_LACD3,0.0100585109819399,1.3775748362909497
L_LACt2r,-1.0530038404366358,0.3690730243368793
L_LACt3,5.270937396151197e-07,0.3744198445360243
MALS,3.5389815091120286e-06,0.269365573882782
MALT,1.579816135992257e-07,0.1969536583640293
MALTabc,-3.2529359952957537e-15,1.8577809147054952e-14
MALt2r,-0.2558098568774978,-2.5495555574707895e-07
MAN1PT,2.700127726658142e-11,0.0004174145795816
MAN1PT2,2.5526520539222852e-08,0.0006056612230489
MAN6PI,-0.0015895496649255,-3.466767221017234e-07
MANAT1,3.6976604580433156e-09,4.973257455981799e-05
MANAT2,2.748607642164737e-09,4.721664602090351e-05
MANAT3,2.6881034177962235e-09,1.2325240244394834e-05
MCBTS,3.7499594357258476e-14,1.4118573677376546e-08
MCBTS2,-1.3578875619485044e-08,7.044772673249217e-09
MCD,6.449498300260218e-07,0.2301565196465039
MCOATA,0.0029618486577839,2.653629426776567
MDH,-2.561364453020041,-0.6933174665423398
ME1,0.0001407217485953,1.14699366370194
MECDPDH,1.5626062246067434e-05,0.0851123437563539
MECDPS,1.5660800713277572e-05,0.0871906620582297
MEOHt2,-6.007274529044698e-14,5.3686553642828046e-14
MEPCT,1.566080071328363e-05,0.0871906620582355
METAT,3.6212647552845193e-06,0.1242988030952587
METOX1s,2.006115877712196e-08,0.11672321474531
METOX2s,4.270142968161464e-07,0.1191237877075865
METS,3.520968792474545e-06,0.0613096890583078
METSOXR1,2.006115877712196e-08,0.11672321474531
METSOXR2,4.270142968161464e-07,0.1191237877075865
METabc,-4.754573701588377e-14,9.006464575396223e-13
MI1PP,5.6138320940851473e-08,0.0675682026718456
MI1PS,6.0580943392995724e-09,0.000107121493181
MI3PP,5.100701290648866e-09,9.565243258728224e-05
MMCD,8.913962370603513e-07,0.2169104305659467
MME,-0.0868125457163702,-4.826153345872446e-07
MMM2r,-0.0868125457163738,-4.826153345874647e-07
MMSAD1,1.5394032364827714e-06,0.1193388749318872
MMSAD2,-6.406010758503235e-15,3.4047251320154857e-14
MN6PP,2.0058442026122708e-07,0.000919700913527
MOHMT,4.899840762416173e-08,0.0110651098064268
MSHAMID,-9.685813227002011e-14,2.7261082539384126e-14
MSHS,2.764062384168173e-08,0.0001267352018314
MTHFC,1.4751733994595995e-05,0.2523280879906305
MTHFD,1.4751733994597467e-05,0.2523280879906284
MTHFR2,3.520968792474545e-06,0.0613096890583078
MTI,2.116517763804612e-07,0.297870687233992
MYC1CYC1,3.4158285461070264e-08,0.0001565937291927
MYC1CYC2,2.2545082866917784e-08,0.0001033972490866
MYC1CYC3,1.7890486210985223e-08,8.205542806689345e-05
MYC1CYC4,4.648266742076226e-09,2.131279769105404e-05
MYC1CYC5,2.0196605464558306e-08,9.257794057641644e-05
MYC1M1,4.648266742076226e-09,2.1312797691054075e-05
MYC1M2,2.0196605464558306e-08,9.257794057641644e-05
MYC2CYC1,3.415828546107027e-08,0.0001565937291927
MYC2CYC2,2.2545082866917784e-08,0.0001033972490866
MYC2CYC3,1.7890486210985223e-08,8.205542806689551e-05
MYCON1,3.4158285461070284e-08,0.0001565937291927
MYCON2,2.2545082866917473e-08,0.0001033972490866
MYCON3,1.7890486210985157e-08,8.20554280668927e-05
MYCON4,4.648266742076226e-09,2.1312797691053957e-05
MYCON5,2.0196605464558312e-08,9.257794057641626e-05
MYCSacp50,3.4158285461070264e-08,0.0001565937291927
MYCSacp56,2.719334960899262e-08,0.0001247100467776
MYCSacp58,3.808709167554296e-08,0.0001746333686433
MYCTR,-999.9747939034607,-0.4017225245060517
MYCTR2,0.4017225245060517,999.9747939034607
NADH10,1.0362136937273199e-07,0.5869518374709595
NADH2r,0.7412892332769192,860.8328208384155
NADH5,1.637811543569144e-05,1.945127874560836
NADH9,4.02579299428072e-05,0.7552849530241593
NADK,2.8695609509905723e-08,0.0001315724230371
NADS2,6.076717293174711e-08,0.0002786239547765
NADTRHD,0.1429107126233075,857.9597652262133
NAKtr,0.3620476120362565,999.8241921302216
NAPRTr,-0.0851599130779137,-4.980815130651692e-06
NARK,1.0790011610719652e-07,0.0285016183209534
NAt3_1,0.3620476120335565,999.8241921302264
NDPK1,-2.587791024460028,-0.3444944651088565
NDPK2,1.3531620734790786e-06,0.3545685106910413
NDPK3,-0.0455684074782607,0.259299177995885
NDPK4,7.57246379121935e-08,0.1487548413102654
NDPK5,1.1114749865928456e-07,0.2230934122106895
NDPK6,-5.900002561902521e-05,0.0940475189153492
NDPK7,5.330016981385435e-08,0.0850587914333883
NDPK8,7.914795048496506e-07,0.0968456608915665
NH4OHDs,1.946088080370621e-06,0.04659584025885
NH4t,-0.7208577157869231,0.313143796635068
NNAM,-0.0851599130781686,-4.980815128144922e-06
NNAT,6.076717293174297e-08,0.0002786239547764
NNDMBRT,-2.3331053989368023e-14,3.925106799055318e-13
NNDPR,5.041582301077409e-06,0.0852247279975493
NO3R1,-1.7781473514142096e-13,7.07164559530851e-14
NO3R2,-2.8519476518916977e-14,1.0696003214455509e-13
NPHS,2.48976611695426e-08,0.0001141584261269
NTD10,3.510702787005011e-08,0.0826842348405485
NTD11,9.639821840515817e-08,0.2166922896160612
NTD2,8.729711434645996e-08,0.2564453115348623
NTD4,1.5340240096333413e-07,0.2644961278086016
NTD5,7.02140557199359e-08,0.2447675265202428
NTD7,3.90235151522878e-07,0.3074287028318613
NTD9,1.953911160882665e-06,0.1923754142590771
NTPP2,1.755351392986462e-08,0.1048884708536709
NTPP3,1.2366726874424252e-08,0.0849493881535472
NTPP4,5.387636959443113e-08,0.1030446884380882
NTPP5,7.699577977371147e-07,0.0967958884883552
NTPP7,5.266054178994031e-08,0.1486859976906629
NTPP8,3.510702785980158e-08,0.089472622631345
NTPTP2,1.7553513929881418e-08,0.0786367140750336
NTRIR2x,2.9935073250249263e-08,0.0347890664705193
NTRIRx,4.733018360077509e-07,0.0341173219818695
NTRIRy,8.231596989417784e-09,0.0400162991185474
O16RHAT,1.5423890097402202e-09,7.072017754054394e-06
O2t,0.9218597688714956,0.9999999132273518
OCBT,3.256317429620956e-07,0.043904201021768
OCDCAt2,-2.403408581426863e-13,2.2930057983549172e-14
OCOAT1r,-2.8237147354753132e-08,-7.499918871451695e-14
OMCDC,1.2273719997531292e-06,0.1880965497632735
OMPDC,6.823886647165892e-07,0.0292035806941607
OPAH,6.43331172601536e-08,0.2998698805073074
ORNTA,2.718419215073144e-07,0.2541523457665284
ORNTAC,6.273386332743467e-07,0.2660086225329939
ORNt,-0.0782517094866984,-2.9864968803402326e-08
ORPT,-0.0292035806941546,-6.823886647164851e-07
OXACOAL,1.0886816731139777e-07,0.182315784403213
OXCDC,1.0886816731119263e-07,0.182315784403213
OXGDC,2.9888040404113915e-06,0.2175850574168676
P5CD,9.266129014484605e-08,0.3234660691164395
P5CR,7.106174750638828e-07,0.7795941565344255
P5CRx,0.0002531397916866,1.0919405028904698
PACt2r,-0.0333381652525963,-2.71291995267375e-08
PANTS,4.8998407499765566e-08,0.0110651098062839
PAPA160,9.194697772856977e-08,0.1778996451344617
PAPPT1,4.189980978853865e-08,0.0001921150869491
PAPPT2,4.189980978853865e-08,0.0001921150869491
PAPPT3,2.0804316875566903e-09,9.539000691502307e-06
PAPR,-3.288396792281468e-05,0.0664009878619846
PATS,2.639574078228623e-09,1.2102728057879644e-05
PC,9.01609114815104e-08,0.2095753899361507
PC11M,-2.3462076719646247e-14,3.916939743400609e-13
PC17M,-2.346207671882825e-14,3.9169397595745625e-13
PC20M,-2.3462076719646243e-14,3.916939743400605e-13
PC6AR,-2.3462076879386825e-14,3.916939540474712e-13
PC6YM,-2.3462084116418327e-14,3.916945222993223e-13
PC8XM,-2.346207683869361e-14,3.9169393018084923e-13
PDE1,3.5107027859716065e-08,0.1059764706086306
PDE4,4.161241378784233e-07,0.134252912633181
PDH,1.902458450507242e-06,0.2490636769275136
PDHa,5.2616548020543496e-08,0.3092556572230659
PDHbr,5.2616548020543476e-08,0.3092556572230671
PDHc,2.404810965588541e-06,0.4347664210315278
PDIMAS,3.483277662012501e-08,0.0080421218713399
PDIMAT,3.483277661811924e-08,0.0080421218713399
PEAMNO,2.7129199526585992e-08,0.0333381652525959
PEPCK_re,-2.7479985233830284,-0.3536264404522936
PFK,0.8635467019585998,1.1474667862507508
PFL,5.536902299599323e-05,1.0930023447409676
PGAMT,-0.4027262651862352,-0.0002989333814868
PGCD,0.0356096745023517,0.3646700831834839
PGI,0.7557376467880496,0.9999756882324286
PGK,-2.904809057658321,-2.3927391738557446
PGL,1.0579263613761242e-05,0.2235108114835739
PGM,-2.7902773025469174,-2.264252829813754
PGMT,-0.2341499113557487,0.0600440718984746
PGPP160,1.3687383729391996e-08,6.27581110403405e-05
PGPP160190,3.765876750457553e-08,0.0001726694567362
PGPP190,1.2258933169071033e-08,5.6208513202462346e-05
PGPPT3,2.061441945986645e-09,9.45193070547403e-06
PGSA160,1.3687383729392e-08,6.275811104034047e-05
PGSA160190,3.765876750457553e-08,0.0001726694567362
PGSA190,1.2258933169070868e-08,5.620851320246247e-05
PHDCATA,-0.3317027328451298,-2.5284561680428663e-05
PHDCAt,-0.3317026699903806,-5.424470274348872e-07
PHETA1,-0.045255490687176,-1.8060099406121618e-07
PHEt2r,-0.0339815534847964,-1.481972176509686e-08
PHTHDLS,3.4832776587192375e-08,0.0080421218713399
PHTHDLS2,4.40845054956707e-08,0.0074074070105625
PHTHS,3.48327765924643e-08,0.0080421218713399
PHTHS2,4.408450547588401e-08,0.0074074070105625
PHYCBOXL,2.7129199526688278e-08,0.0333381652525904
PIabc,2.8886785370637154e-06,0.0542035630395919
PLCD,3.510702785978476e-08,0.0675485252739432
PLIPA1E160,6.266478592064433e-05,0.1327233002451392
PLIPA1E180,3.51070278597853e-08,0.1215822051268484
PMANM,-0.0006698487513985,-1.4609230184050626e-07
PMDPHT,7.405998961682849e-08,0.0003395729458835
PMPK,3.2677804978534655e-05,0.1414330379009144
PNTK,4.8998407499765566e-08,0.0110651098062839
PPA,0.0950891012748826,1.1568406957135262
PPAtr,-2.1002635299175478e-13,1.0676628386193581e-13
PPBNGS,2.0255724341572945e-08,9.287465172045274e-05
PPCDC,4.8998407499730216e-08,0.0110651098062839
PPCOAC,2.875337042872534e-06,0.2677063954607024
PPDIMAS,4.408450547501665e-08,0.0074074070105625
PPDIMAT,4.4084505495548736e-08,0.0074074070105625
PPDK,1.768024906696799e-06,0.3015531644399566
PPGKr,0.7969606794970814,1.428502026902856
PPK2,0.950732293169356,974.158601940459
PPNCL3,4.8998407499765566e-08,0.0110651098062839
PPND,8.599497461765859e-08,0.0333918459987816
PPNDH,1.80600994072514e-07,0.0452554906871793
PPPGO,3.375956563000503e-09,1.5479108278611922e-05
PPTGS_TB1,3.97729587326994e-08,0.000182363248514
PPTGS_TB2,3.97729587326994e-08,0.000182363248514
PRAGSr,9.072124924879524e-07,0.0136846989117702
PRAIS,9.072124924879526e-07,0.0136846989117702
PRAIi,8.318624728195842e-05,0.0299272284657329
PRAMPC,1.181047332840103e-06,0.0264723405873386
PRASCS,9.055245154595248e-07,0.0136795465761746
PRATPP,1.181047332840103e-06,0.0264723405873386
PRDX,-6.007429413378466e-14,5.3685190164699274e-14
PREPHACPH,3.510702785986816e-08,0.0992462874778199
PREPPACPH,4.4084505474569424e-08,0.0074074070105625
PREPTHS,3.4832761361251364e-08,0.0080421218713345
PREPTHS2,4.408450549705307e-08,0.0074074070105625
PREPTTA,-0.0071817310250385,0.0981511461185204
PRFGS,9.072124924879264e-07,0.0136846989117702
PRMICIi,1.1810473328402075e-06,0.0264723405873395
PROD2,0.0015367491441301,1.1227171607421549
PROabc,2.4238640571587324e-06,0.2548194754075928
PROt2r,-0.4195500646903844,-1.7988301563446297e-05
PRPPS,0.0099346904262973,0.1857525409085959
PSCVT,0.0051990828087714,0.3317895209814133
PSD160,6.26382474861798e-05,0.0724744146625661
PSERT,0.0356096745014267,0.3646700831834839
PSP_L,0.0321434360427136,0.3592876575734029
PSSA160,6.263824748617927e-05,0.0724744146625718
PTAr,-0.301767156713201,-7.458704784316095e-06
PTPATi,4.899840749973022e-08,0.0110651098062839
PUNP1,-0.0226305991709364,0.1657921965124117
PUNP2,-0.1605376865114983,-4.848113371135775e-08
PUNP3,8.212669110053373e-05,0.0811245568750624
PUNP5,-0.1812614721596571,0.0139150325261686
PUNP6,4.848113371115527e-08,0.1605376865114982
PUNP7,3.5107027870069765e-08,0.0826842348405485
PYK,3.945233519890047e-06,2.1908154047744506
PYRDC,7.292142938317349e-07,0.5083161837630951
PYRt2r,-0.3561897704104559,-1.0180848772046575e-07
QRr,-860.8141973748762,-0.5779627763085955
QULNS,5.041582301077409e-06,0.085224727997549
R05217,-2.346207671882826e-14,3.91693975957458e-13
R05219,-2.3462076717862e-14,3.9169397786802314e-13
R05224,-2.3486417988933983e-14,3.9290275959234473e-13
RBFK,1.4427404533625232e-07,0.1905761594260809
RBFSa,1.4811997923366294e-07,0.0006791458917671
RBFSb,7.405998961682787e-08,0.0003395729458835
RBK,6.383536881621212e-05,0.1578871034102027
RIBabc,-2.3790286048476248e-14,7.990281272560924e-15
RNDR1,2.8889726841812218e-08,0.0001324624720771
RNDR2,4.093344293975732e-08,0.0001876841921048
RNDR3,4.093344293975591e-08,0.0001876841920993
RNDR4,6.580675660285327e-09,7.879736090617487e-05
RNTR4,7.961553891180516e-12,7.592862139961141e-05
RPE,-0.1122139310444852,0.1265411665971871
RPI,-0.1243266802123786,-0.0143073982995972
RZ5PP,-2.330733584203216e-14,3.92197988356168e-13
SADH,2.3492672778414162e-08,0.0370206518132202
SADT,1.367029819806951e-06,0.14047159692441
SDPDS,1.8464554608702418e-07,0.0793045630254119
SDPTA,-0.0793045630254118,-1.846455460870242e-07
SERAT,2.560998992822028e-09,0.0100989661670114
SERD_D,-2.8881518563229985e-14,6.499343332349882e-14
SERD_L,4.6809370479752326e-08,0.1373721544373238
SERt2r,-0.0906586113647074,-6.163660817558922e-08
SGDS,2.3492672778362493e-08,0.0370206518132197
SGSAD,2.3492672778362493e-08,0.0370206518132198
SHCHD2,1.6879770284437275e-09,7.739554314557298e-06
SHCHF,1.687977028443727e-09,7.73955431455731e-06
SHK3Dr,0.0071870605484071,0.3317896083264372
SHKK,0.0051990828087707,0.3317895209814133
SHSL1r,-0.0137227321702007,0.0003733580689115
SHSL4r,-0.0001775152100853,0.0993388656897442
SKMt2,-0.0619206232298408,-3.9262577687985835e-08
SOTA,2.3492672778362493e-08,0.0370206518132203
SSALx,3.237713061722824e-07,0.1429088930470677
SSALy,5.094113393738142e-07,0.2041397193877231
SUCBZL,2.489766116954187e-08,0.0001141584261269
SUCBZS,2.4897661169541873e-08,0.0001141584261269
SUCCt2r,-3.784277927210272,-1.580260821985247
SUCD1i,0.2539222129017553,750.4463575813386
SUCOAS,-1.938315661978307,-0.890935009634475
SULabc,1.367029819806951e-06,0.1404715969244098
TALA,-0.0219714433388513,0.1103654041065831
TARTD,0.0,0.0
TARTRt7,0.0,0.0
TATS,2.4813262318119227e-09,1.1377144840979806e-05
TDMS1,6.9840049551852675e-09,3.202240597248715e-05
TDMS2,4.648266742076226e-09,2.131279769105398e-05
TDMS3,4.6355275528245985e-09,2.1203097460711166e-05
TDMS4,2.329408299252112e-09,1.0680584952756823e-05
TDPDRE,1.5423890097403443e-09,7.072017754054861e-06
TDPDRR,1.5423890097402206e-09,7.072017754054393e-06
TDPGDH,1.5423890097403443e-09,7.072017754054669e-06
THDPS,1.846455460870242e-07,0.0793045630254118
THMDP,4.989935390799338e-07,0.0678577043476262
THRD_Lr,6.656886407170807e-06,0.1194399427758122
THRS,0.0004098128260914,0.18648186810589
THRt2r,-0.1534220597133225,-3.9340121526323553e-07
THZPSN,1.687977028443494e-09,7.739554313592123e-06
TKT1,-0.0082292512521508,0.1103654616849047
TKT2,-0.2220150040472265,0.0517416309087482
TMDK1,7.02140557199359e-08,0.2447675265202428
TMDS,2.742458249456331e-09,9.541651273689706e-05
TMHAS1,2.333628241823144e-09,1.0699933838541196e-05
TMHAS2,2.3209684141098244e-09,1.0641887181189045e-05
TMHAS3,2.329408299252099e-09,1.0680584952756834e-05
TMHAS4,2.3146385002531343e-09,1.0612863852512856e-05
TMN,3.267001266494904e-05,0.1414293435943265
TMPKr,5.800527324859362e-06,0.067861806538353
TMPPP,3.267780497853463e-05,0.1414330379009143
TPI,1.5249612201334664,1.9551781230415757
TRDR,7.072820953785842e-05,0.2552190387542269
TRE6PP,3.277835925374517e-07,0.3251678850767171
TRE6PS,3.414795748772349e-07,0.3251939492257189
TRESULT,1.3659954102657595e-08,6.263234328480175e-05
TREabc,0.0,0.0
TRPS1,1.07886752948596e-06,0.0226307577598487
TRPS2,3.0968199618167313e-09,0.0205017578153321
TRPS3,3.0968199617955397e-09,0.0205017578153321
TRPTA,3.397818308857454e-07,0.0271534037662891
TRPt2r,-0.0208574586848937,-1.2521461529813657e-07
TSULabc,-9.899465572494705e-14,1.6175579355075946e-13
TTDCAt2,-1.3599900992387209e-13,1.3656143939133446e-14
TYRTA,-0.0333918459987816,-8.599497466013618e-08
TYRt2r,-0.0331763590058456,-1.730274948777072e-08
UAAGDS,2.080431687556689e-09,9.539000691502616e-06
UAAGLS1,4.189980978853791e-08,0.0001921150869491
UAAGLS2,4.189980978853791e-08,0.0001921150869491
UAGCVT,9.383464301117581e-08,0.0004302418242925
UAGDP,2.1095914907230185e-07,0.0009672701492269
UAGPT1,4.1899809788538645e-08,0.0001921150869491
UAGPT2,4.1899809788538645e-08,0.0001921150869491
UAGPT3,2.0804316875566903e-09,9.53900069150259e-06
UAMAGS,8.588005126463744e-08,0.0003937691745897
UAMAS,8.588005126463744e-08,0.0003937691745897
UAMRH,2.061441945986645e-09,9.451930705474049e-06
UAPGR,9.383464301117581e-08,0.0004302418242925
UDCPDP,1.5172803514421526e-07,0.0006956891883629
UDCPDPS,0.0,0.0
UDPDPS,2.265634734441117e-11,0.0002406229284163
UDPDPS2,7.148427845102394e-10,0.0002064055398905
UDPG4E,4.6271670292329625e-08,0.0002121605326109
UDPGALM,4.6271670292209366e-08,0.0002121605326214
UGAGDS,2.0614419459866806e-09,9.45193070547411e-06
UGGPT3,2.061441945986645e-09,9.451930705474044e-06
UGLDDS1,4.189980978853791e-08,0.0001921150869491
UGLDDS2,4.189980978853791e-08,0.0001921150869491
UGMAGS,2.061441945986645e-09,9.451930705474035e-06
UGMAS,2.061441945986645e-09,9.45193070547404e-06
UGMDDS,2.080431687556689e-09,9.53900069150263e-06
UGMDDS2,2.061441945986645e-09,9.45193070547404e-06
UMPK,8.596401141979377e-07,0.1520013159521323
UPP3MT,1.687974522373397e-09,7.739554648291762e-06
UPP3S,5.0639310853932355e-09,2.32186629301132e-05
UPPDC1,3.3759565630005604e-09,1.5479108278611973e-05
UPPRT,-1.403326776916607e-13,1.571343619902584e-13
UREA,-2.4518462478831162e-14,1.3980979646525024e-13
URIDK2r,-6.611188630257981e-05,0.0940030926725444
URIK2,1.399576561364481e-07,0.2608206051286985
VALTA,-1.2441075691589183,-0.0664677761269144
VALt2r,-0.7988238755186589,-8.57108676087932e-06
XPPT,4.6809370479486516e-08,0.0908989112155532
XYLK,-1.1585030098279054e-16,6.53401659322967e-16
YUMPS,-1.4339542035632553e-14,4.363427338384105e-13
S7PI,1.6758094046730193e-08,0.0400744692775438
GMHEPK,1.6758095616133166e-08,0.0400744692775163
HMEDS,3.4738467209616405e-08,0.0434771866555006
HMEDR,3.4738467209616405e-08,0.0434771866555006
FRTT,3.6894899432402783e-06,0.0214030168144717
2MCD,2.738761407229396e-07,0.0903489647112121
2MCS,2.7387614072269125e-07,0.0903489647112121
2MID,2.7387614072269125e-07,0.0903489647112121
2MIL,2.738761407227036e-07,0.0903489647112113
Gln_LT,-6.797115687186301e-13,2.3088782981735823e-14
TREP,1.0532108357921389e-07,0.2108300626821466
HDECH,-0.0686742907862683,0.0125763411310938
DTBTST,2.8294743047204194e-08,0.016012124978438
IPDPUDCT,2.2021526299563944e-10,0.0002243608505545
ACHMSSH,1.3718735184738838e-07,0.0093904159167688
Mn2t,1.404281114400438e-07,0.4499463507909672
FAD_1,-2.68427459464392e-13,1.3134002688496593e-13
FAD_2,-2.68427459464392e-13,1.3134002688496593e-13
FAD_3,-2.68427459464392e-13,1.3134002688496593e-13
FAD_4,-2.68427459464392e-13,1.3134002688496593e-13
FAD_5,-2.68427459464392e-13,1.3134002688496593e-13
FAD_6,-2.68427459464392e-13,1.3134002688496593e-13
FAD_7,-2.68427459464392e-13,1.3134002688496593e-13
FAD_8,2.2725796715127308e-08,0.059343345502895
FAD_9,3.6632585954866606e-06,0.0706778464904288
FAD_10,3.6632585962382495e-06,0.0706778464904299
FAD_11,2.0065195369679265e-08,0.0415466667152249
FAD_12,2.0065195369553087e-08,0.0415466667152405
FAD_13,2.0065195369618266e-08,0.0415466667152316
FAD_14,1.2205290773858288e-05,0.0819326684077706
FAD_15,3.6405327995219034e-06,0.059312093243412
FAD_16,3.6405327995219034e-06,0.059312093243412
FAD_17,3.64053279886202e-06,0.0593120932433967
FAD_18,3.64053279886202e-06,0.0593120932433961
FAD_19,3.64053279886202e-06,0.0593120932433966
FAD_20,-5.5579929976370336e-14,2.591818056570892e-13
FAD_21,-5.5579929976370317e-14,2.5918180565709643e-13
FAD_22,-6.545733379044365e-14,2.1250813495393942e-13
FAD_23,-4.6745418225159053e-14,1.683802043120819e-13
FAD_24,-4.6686163249965456e-14,1.6829954218365128e-13
FAD_25,-4.6686163249965456e-14,1.6829954218365128e-13
FAD_26,-4.6686163249965456e-14,1.6829954218365128e-13
FAD_27,-4.6686163249965456e-14,1.6829954218365128e-13
3HIBD,1.5394032364827716e-06,0.1193388749318872
ALDR,-2.7783619262049987e-16,9.727852745379218e-16
AL4D,-1.1585030098279054e-16,6.534016593229668e-16
SR2,5.6956044584941324e-08,0.1570904859181416
MR,1.7089135254463625e-08,0.1289996268116411
GLYCS_I,3.9866909330263615e-08,0.1224364585040038
GLYCS_II,3.986690933020176e-08,0.1224364585040039
LALDD,1.7089135254463625e-08,0.1289996268116411
CYST_II,2.0256410664600707e-07,0.0120863593670783
FUSA1,7.376683238982811e-07,0.1786913151135176
biomass,2.109971285554396e-06,0.0096744428919901
ECHA20,-6.406010758503247e-15,3.404725132015483e-14
CHOL1,-6.407204250548443e-15,3.404071744343693e-14
FADE282,-6.406010758503235e-15,3.4047251320154794e-14
HOPNTAL2,-6.4060107585032516e-15,3.4047251320154844e-14
ECHA192,-6.4060107585032406e-15,3.404725132015476e-14
HSA,-6.4060107585032335e-15,3.404725132015478e-14
FADB3,-6.406010758503245e-15,3.4047251320154005e-14
FADB2,-6.406010758503246e-15,3.4047251320153973e-14
CHCD,-6.406010758503255e-15,3.404725132015483e-14
HDAD,-6.406010758503238e-15,3.4047251320154794e-14
CHOD,-1.825692272301227e-19,1.0607104320641008e-17
3HSA,-6.406010758503242e-15,3.404725132015483e-14
HSAC,-6.4060107585032745e-15,3.404725132015399e-14
HSAE,-6.406010758503249e-15,3.404725132015478e-14
HIAA,-6.406010758503251e-15,3.4047251320154825e-14
IPDAB,-6.414401619115365e-15,3.4037831845651303e-14
KSH,-6.406010758503244e-15,3.404725132015483e-14
ECHA193,-6.4060107585032406e-15,3.4047251320154775e-14
CYP1,-6.402563533396807e-15,3.404813856884324e-14
HIPB,-1.6520935762673135e-17,2.250061098278551e-17
HIPA,-6.4144016191153556e-15,3.403783184565117e-14
CHOLCOA,-4.0191410302597295e-14,1.1373673885008476e-14
ECHA191,-6.406010758503246e-15,3.4047251320153986e-14
FADE30,-6.406010758503235e-15,3.4047251320154775e-14
CYP3,-6.406010758503188e-15,3.404725132015476e-14
CYP2,-6.402563533396804e-15,3.404813856884324e-14
PRCOA1,-6.406010758503237e-15,3.4047251320154806e-14
FADE281,-6.406010758503245e-15,3.404725132015399e-14
FADD3,-1.6520935762673148e-17,2.2500610982785472e-17
KSTD,-6.4060107585032406e-15,3.4047251320154775e-14
FADD17,-6.406010758503243e-15,3.4047251320153866e-14
FADE51,-7.082452438065079e-15,3.2065058860410055e-14
FADE52,-6.406010758503235e-15,3.404725132015478e-14
HIAt,-3.4047251320154794e-14,6.406010758503251e-15
MACCOAT,7.18413710441637e-07,0.0896415581751492
ACCOAC,0.0571418252590571,2.7167893652802704
CHSTEROLt,-6.411566123209535e-15,3.4045821477342604e-14
EX_chsterol,-2.5916001802951042e-14,1.856647622353928e-15
MOBDabc,1.7553513929989805e-08,0.1071402346502803
MOBDabc_rev,1.7553513929989805e-08,0.1071402346502803
INO1,3.274132513141286e-08,0.0002128123805849
NAGINSP,2.7640623840763667e-08,0.000126735201885
NAGINS,2.7640623840763432e-08,0.000126735201885
KGD2,-1.8062866560118929,-0.3911851008933791
ASPO6,5.284483814458067e-08,0.0693350410366776
ECOAH12,1.5394032364827714e-06,0.119338874931887
FADE233,1.5394032364827718e-06,0.1193388749318871
BKDC,1.5394032364830802e-06,0.1193388749318868
BKDA2,1.5394032364936194e-06,0.1193388749318863
3HBCOAHL,1.5394032364827714e-06,0.1193388749318871
AKGDa,9.437747064268283e-08,0.3031023388277493
ACt2r,-0.7345899192110571,-1.8377849349331508e-05
EX_4hba,1.687977028443494e-09,7.739554313592197e-06
4HBAt,-7.739554313592197e-06,-1.687977028443494e-09
4ABZt,-0.0308006725614506,-1.0030579388560872e-08
CHLabc_rev,1.7769671804553365e-07,0.1056899359198081
GCALDD,3.376108269022438e-09,1.5479108949509816e-05
GLYALDDr,7.010883489808439e-08,0.2069105422417588
FORt,-0.9408865841116436,-6.715898912158868e-08
GLYCLTt,-7.993862362493177e-06,-2.9991501708878706e-15
EX_glyclt,2.9991501697682352e-15,7.993862362493309e-06
NO3t2,-1.0475101170969035e-13,8.759379818354215e-14
MNabc_rev,1.404281114400439e-07,0.4499463507909608
COBC,-2.330733584203216e-14,3.921979883561681e-13
ADOCBLabc,-3.92197988356168e-13,2.3307335842032163e-14
DRBK,-0.0320242499568687,-5.6589477574058674e-08
5DOAN,5.6589477686336683e-08,0.0320242499568688
AKGt2r,-0.0971938400923297,-7.775403514276349e-08
EX_co,0.2085700639214752,1.7062498034599878
PHEMEt,-1.6344765314996792e-14,4.432044388337509e-13
EX_pheme,-4.392746225348404e-13,1.6319128786909654e-14
HEMEOS,3.3759540568870687e-09,1.5479108627184456e-05
HEMEAS_1,1.6879770284435544e-09,7.739554313591782e-06
GSEALD,4.051144868314579e-08,0.0001857493034408
EX_hia,-6.406010758503252e-15,3.4047251320154806e-14
L_LACDcm,5.930960472274578e-05,0.0634790996290867
FPRA,2.8968467613194908e-05,1.3224356062130602
COCO2,-1.706249803461096,-0.2085700639223723
ACALDt,-0.4024911662157326,-2.2716265810345727e-06
EX_acald,2.2716265743567394e-06,0.4024911662157333
NMO,5.93096047264448e-05,0.063479099628718
OCDCEAt,-0.08467332045294,0.0739656275317473
EX_ocdcea,-0.0739656275317473,0.0846733204529398
UREAt,-2.2431314679376568e-14,1.4609041191972734e-13
PKS2,1.350381622754844e-08,6.191643450873507e-05
MAS3,1.350381622754844e-08,6.191643450873548e-05
EX_gln_L,-4.1650949720859534e-14,2.956539580736601e-13
SIRA2,-0.1404310576532528,-1.353369868845553e-06
APSR,1.3441999246688737e-06,0.0880368401490888
SHSL2r,1.874425324080959e-08,0.0120641372556661
CYSK2_I,-9.896339295912798e-14,1.618598037131432e-13
CYSM_I,4.5185504494477336e-12,0.0001447106157633
CYSM_II,4.518550448200145e-12,0.0001447106157673
CYSO_I,4.5185504494477336e-12,0.0001447106157633
CYSO_II,4.5185504494477336e-12,0.0001447106157633
THMP,8.308976995453829e-07,0.1301339296532328
VIUB,7.499918871452219e-11,2.8237147354759055e-05
MBTK3,-6.124298629679189e-09,1.9987458419692543e-08
MBTG,-1.2248597259358382e-08,3.9974916839385085e-08
ALCD2x,-0.8651935303423866,0.2827983045148213
ETOHt2r,-0.2827983045148149,0.8651935303423864
EX_etoh,-0.8651935303423849,0.282798304514995
MBTA1,-6.124298629677631e-09,1.998745841969544e-08
HACD9,7.184137104422838e-07,0.0896415581751491
ECOAH9ir,7.184137104422839e-07,0.0896415581751491
OIVD3,7.184137104419444e-07,0.0896415581751602
BKDC1,7.184137104422713e-07,0.0896415581751496
MAK,5.3670162780934297e-08,0.2152534800763996
GLGE,5.367016277597184e-08,0.2152534800764348
TREY,5.2682364959093466e-08,0.2172294182151348
GLGB,0.0006963775703586,0.116928544767541
GLGP,1.727204052839325e-06,0.1157687260446635
AMYL2,3.025504641445006e-07,0.2987232481434744
PYRD1,1.562937216849645e-09,0.0187242654702239
SHCHCS3,2.4897661169541873e-08,0.0001141584261269
SEPHCHCS,2.4897661169541873e-08,0.0001141584261269
SALSYN,7.499918871451695e-14,2.8237147354753105e-08
APRO,-2.3307335842032163e-14,3.921979883561678e-13
AOBUTDs,-2.3307335842032163e-14,3.92197988356168e-13
THRD,-2.3307335842032163e-14,3.92197988356168e-13
EX_adocbl,-2.3307335842032163e-14,3.92197988356168e-13
DMBI,-2.3331053989368e-14,3.9251067990551525e-13
BARB,-3.9251067990551596e-13,2.3331053989368e-14
HETZK,3.267001266494911e-05,0.1414293435943265
TBSYNLDPS,3.664372066807788e-06,0.021292667839812
TBSNLS1,3.664372066807653e-06,0.0212926678398127
TBSNLS2,0.0,0.0
TBSNLS3,-1.1459157764724949e-18,2.123626291337376e-18
BKDA1,7.184137104422836e-07,0.089641558175149
BPNT2,1.05321083579615e-07,0.1977191272219493
GLPD2,8.138713394857926e-06,1.0466878223279914
G3PD1ir,-0.999982669392186,0.1215790269097661
G3PT,2.3699245733646065e-07,0.2084458845460055
DHORD2,3.401542873292024e-07,0.0259123022867664
PPAKr,-2.0979246267598734e-13,1.0595874759403955e-13
PTA2,-2.136899865355915e-13,9.775781502864329e-14
EMB,1.5423890097402802e-09,7.072017754050652e-06
GXRA,9.596790609529856e-06,0.472838292008024
OPP,2.48976611695426e-08,0.0001141584261269
HEXTT,2.4897661169542598e-08,0.0001141584261269
PPTTm,2.48976611695426e-08,0.0001141584261269
GGTT,2.489766116954259e-08,0.0001141584261269
ACYP_2,2.7241087046019297e-08,0.1598400267782536
GTPDPDP,7.763238337875894e-07,0.0694267540274955
PPGPPDP,7.763238337875894e-07,0.0694267540274955
AKGDH,2.2086300148537377e-05,0.5824446711217114
EX_nodcoa,-3.454520797936374e-13,5.812957613548657e-14
NODCOAt,-7.77478427371672e-14,4.0630273724074543e-13
EX_octscoa,-8.695018882204074e-14,2.080304616316847e-13
OCTSCOAt,-2.881755503168484e-13,1.2803388898341174e-13
ATPM,5.6837714588334805e-06,0.3448536104486906
VPAMTr,-0.806119901684143,-0.0166716144034433
EGTB,1.0166729062274109e-06,0.0195586018602005
EGTC,1.0166729062274109e-06,0.0195586018602005
EGTE,1.0166729062274109e-06,0.0195586018602005
TMDS3,6.309026213172799e-11,7.501147285927248e-05
OTSB1,1.5872307536246378e-13,5.083248287880931e-06
MYCOPP,6.224431164692802e-08,0.0002854993724565
TMMYCO,1.5872307429137813e-13,5.083248285297733e-06
MYCOE,6.224431164693068e-08,0.0002854993724565
PPM1,6.224415292385482e-08,0.0002853960653137
NADDP,1.755351392998815e-08,0.1142824351178017
NMNAT,1.755351392998815e-08,0.1142824351178017
EGTD,1.0166729062281484e-06,0.019558601860447
FBPA,7.936153768080113e-14,2.541624143940468e-06
TAG,-4.743047305933815e-14,1.803056543896229e-13
LIPY,-5.378780629410824e-14,1.9837274975567422e-13
BIRA,4.093199719396758e-08,0.1099982040500406
ACCD3,4.0931997194089786e-08,0.1099982040500516
ACCA3,4.093199719396758e-08,0.1099982040500406
GMHEPPA,1.675809563165081e-08,0.0400744692775163
ALCD19y,7.010883489795682e-08,0.2069105422417349
DM_ergoth_c,1.0166729062274109e-06,0.0195586018602005
DM_tbsinol_c,3.6643720668076537e-06,0.0212926678398126
DM_isotbsinol__13S_c,0.0,0.0
DM_isotbsinol__13R_c,-1.1459157764724926e-18,2.1236262913373752e-18
DM_psd5p_c,-1.521591262505568e-14,4.168634697588372e-13
DM_scys__L_c,-9.896339295912798e-14,1.618598037131432e-13
DM_gmhep1p_c,1.675809563165081e-08,0.0400744692775163
DM_ncam_c,4.980815128145572e-06,0.0851599130781663
